,over_number,batter,match_no,score,balls_faced,OUTs
0,1,Yashasvi Jaiswal,56,26,6,0
1,1,Yashasvi Jaiswal,11,20,6,0
2,1,Rohit Sharma,16,14,6,0
3,1,Venkatesh Iyer,68,14,4,0
4,1,Wriddhiman Saha,7,14,6,0
5,1,Harry Brook,19,13,5,0
6,1,Yashasvi Jaiswal,37,13,5,0
7,1,Prabhsimran Singh,53,12,6,0
8,1,Wriddhiman Saha,51,12,8,0
9,1,Yashasvi Jaiswal,66,12,6,0
10,1,David Warner,7,11,9,0
11,1,Rahmanullah Gurbaz,2,11,3,0
12,1,KL Rahul,10,10,3,0
13,1,Ruturaj Gaikwad,49,10,8,0
14,1,Ruturaj Gaikwad,74,10,6,0
15,1,Virat Kohli,20,10,6,0
16,1,David Warner,50,9,5,0
17,1,David Warner,59,9,5,0
18,1,Ishan Kishan,42,9,3,0
19,1,Kyle Mayers,72,9,5,0
20,1,Prabhsimran Singh,2,9,6,0
21,1,Rahmanullah Gurbaz,9,9,7,0
22,1,Rohit Sharma,12,9,5,0
23,1,Shikhar Dhawan,41,9,4,0
24,1,Virat Kohli,9,9,4,0
25,1,Wriddhiman Saha,48,9,5,0
26,1,Yashasvi Jaiswal,52,9,5,0
27,1,Abhishek Sharma,40,8,6,0
28,1,Jason Roy,36,8,6,0
29,1,Jason Roy,47,8,6,0
30,1,Matthew Short,18,8,4,0
31,1,Virat Kohli,65,8,6,0
32,1,Yashasvi Jaiswal,17,8,6,0
33,1,Yashasvi Jaiswal,42,8,6,0
34,1,KL Rahul,6,7,5,0
35,1,Ruturaj Gaikwad,17,7,6,0
36,1,Ruturaj Gaikwad,41,7,8,0
37,1,Shikhar Dhawan,14,7,5,0
38,1,Virat Kohli,50,7,6,0
39,1,Virat Kohli,60,7,4,0
40,1,Yashasvi Jaiswal,8,7,5,0
41,1,Ajinkya Rahane,12,6,2,0
42,1,David Warner,3,6,6,0
43,1,Ishan Kishan,63,6,5,0
44,1,Jason Roy,56,6,6,0
45,1,Kyle Mayers,21,6,5,0
46,1,Mayank Agarwal,34,6,3,0
47,1,Philip Salt,40,6,3,0
48,1,Rohit Sharma,31,6,4,0
49,1,Ruturaj Gaikwad,61,6,3,0
50,1,Virat Kohli,24,6,4,1
51,1,Virat Kohli,36,6,3,0
52,1,Virat Kohli,70,6,6,0
53,1,Yashasvi Jaiswal,4,6,4,0
54,1,Abhishek Sharma,47,5,4,0
55,1,Anmolpreet Singh,58,5,4,0
56,1,Anmolpreet Singh,62,5,4,1
57,1,Cameron Green,46,5,2,0
58,1,Cameron Green,49,5,2,0
59,1,David Warner,28,5,5,0
60,1,Faf du Plessis,36,5,3,0
61,1,Harry Brook,25,5,5,0
62,1,Harry Brook,29,5,3,0
63,1,Ishan Kishan,49,5,4,0
64,1,Ishan Kishan,57,5,4,0
65,1,Ishan Kishan,72,5,2,0
66,1,Prabhsimran Singh,8,5,6,0
67,1,Prabhsimran Singh,46,5,4,0
68,1,Prithvi Shaw,16,5,2,0
69,1,Prithvi Shaw,67,5,4,0
70,1,Rohit Sharma,25,5,5,0
71,1,Ruturaj Gaikwad,29,5,3,0
72,1,Ruturaj Gaikwad,33,5,5,0
73,1,Ruturaj Gaikwad,67,5,5,0
74,1,Shubman Gill,18,5,4,0
75,1,Virat Kohli,43,5,5,0
76,1,Vivrant Sharma,69,5,6,0
77,1,Wriddhiman Saha,23,5,4,1
78,1,Atharva Taide,27,4,2,1
79,1,Cameron Green,73,4,1,0
80,1,Deepak Hooda,15,4,3,0
81,1,Devon Conway,37,4,4,0
82,1,Harry Brook,14,4,6,0
83,1,Ishan Kishan,54,4,6,0
84,1,Kyle Mayers,45,4,5,0
85,1,Kyle Mayers,51,4,6,0
86,1,Lit,28,4,3,0
87,1,Mayank Agarwal,47,4,3,0
88,1,Nehal Wadhera,73,4,3,1
89,1,Prabhsimran Singh,27,4,3,0
90,1,Rahmanullah Gurbaz,22,4,5,0
91,1,Rohit Sharma,69,4,2,0
92,1,Sanju Samson,60,4,4,0
93,1,Shikhar Dhawan,46,4,2,0
94,1,Virat Kohli,27,4,3,0
95,1,Wriddhiman Saha,30,4,6,0
96,1,Abhishek Sharma,58,3,3,0
97,1,Anmolpreet Singh,10,3,4,0
98,1,Anmolpreet Singh,52,3,5,0
99,1,Devon Conway,6,3,4,0
100,1,Devon Conway,61,3,3,0
101,1,Faf du Plessis,5,3,4,0
102,1,Ishan Kishan,69,3,4,0
103,1,Kyle Mayers,10,3,4,0
104,1,Matthew Short,31,3,5,0
105,1,Prithvi Shaw,64,3,3,0
106,1,Priyam Garg,44,3,3,0
107,1,Rahmanullah Gurbaz,53,3,3,0
108,1,Rohit Sharma,42,3,4,0
109,1,Ruturaj Gaikwad,6,3,3,0
110,1,Ruturaj Gaikwad,37,3,2,0
111,1,Ruturaj Gaikwad,71,3,5,0
112,1,Shikhar Dhawan,59,3,5,0
113,1,Shubman Gill,62,3,1,0
114,1,Virat Kohli,15,3,4,0
115,1,Wriddhiman Saha,35,3,5,0
116,1,inis,38,3,6,1
117,1,Abhishek Sharma,65,2,3,0
118,1,David Warner,16,2,4,0
119,1,David Warner,44,2,2,0
120,1,Deepak Hooda,63,2,3,0
121,1,Devon Conway,24,2,5,0
122,1,Devon Conway,55,2,3,0
123,1,Faf du Plessis,60,2,2,0
124,1,Jason Roy,53,2,3,0
125,1,Jason Roy,61,2,2,0
126,1,Mandeep Singh,2,2,3,0
127,1,Matthew Short,14,2,2,0
128,1,Mayank Agarwal,10,2,2,0
129,1,Prabhsimran Singh,31,2,3,0
130,1,Prabhsimran Singh,41,2,2,0
131,1,Prabhsimran Singh,66,2,2,1
132,1,Rahmanullah Gurbaz,13,2,6,0
133,1,Rahmanullah Gurbaz,39,2,1,0
134,1,Rahmanullah Gurbaz,61,2,5,1
135,1,Rohit Sharma,35,2,4,0
136,1,Ruturaj Gaikwad,55,2,4,0
137,1,Sai Sudharsan,62,2,2,0
138,1,Shikhar Dhawan,8,2,1,0
139,1,Shubman Gill,1,2,2,0
140,1,Shubman Gill,13,2,2,0
141,1,Shubman Gill,57,2,2,0
142,1,Virat Kohli,5,2,2,0
143,1,Wriddhiman Saha,13,2,4,0
144,1,Wriddhiman Saha,18,2,2,0
145,1,Wriddhiman Saha,39,2,2,0
146,1,Wriddhiman Saha,57,2,4,0
147,1,Wriddhiman Saha,70,2,6,0
148,1,Wriddhiman Saha,71,2,4,0
149,1,Wriddhiman Saha,73,2,5,0
150,1,Yashasvi Jaiswal,23,2,5,0
151,1,Abhishek Sharma,29,1,3,0
152,1,Abhishek Sharma,52,1,1,0
153,1,Abhishek Sharma,62,1,1,0
154,1,Anuj Rawat,54,1,1,0
155,1,David Warner,20,1,4,0
156,1,David Warner,34,1,4,0
157,1,David Warner,64,1,3,0
158,1,Devon Conway,1,1,4,0
159,1,Devon Conway,29,1,3,0
160,1,Devon Conway,67,1,1,0
161,1,Devon Conway,71,1,1,0
162,1,Faf du Plessis,9,1,2,0
163,1,Faf du Plessis,15,1,2,0
164,1,Faf du Plessis,20,1,1,0
165,1,Faf du Plessis,27,1,3,0
166,1,Faf du Plessis,32,1,3,0
167,1,Faf du Plessis,54,1,1,0
168,1,Harry Brook,34,1,3,0
169,1,Ishan Kishan,5,1,4,0
170,1,Ishan Kishan,12,1,1,0
171,1,Ishan Kishan,22,1,2,0
172,1,Ishan Kishan,25,1,1,0
173,1,Ishan Kishan,31,1,3,0
174,1,Jason Roy,28,1,3,0
175,1,Jason Roy,68,1,2,0
176,1,Jos Buttler,26,1,1,0
177,1,Jos Buttler,37,1,1,0
178,1,Jos Buttler,48,1,4,0
179,1,KL Rahul,3,1,1,0
180,1,KL Rahul,21,1,1,0
181,1,KL Rahul,38,1,5,0
182,1,Karan Sharma,68,1,1,0
183,1,Krunal Pandya,43,1,5,0
184,1,Kyle Mayers,15,1,4,1
185,1,Kyle Mayers,38,1,1,0
186,1,Kyle Mayers,58,1,5,0
187,1,Manan Vohra,45,1,1,0
188,1,Matthew Short,21,1,1,0
189,1,Matthew Short,27,1,1,0
190,1,Mayank Agarwal,19,1,1,0
191,1,Mayank Agarwal,25,1,1,0
192,1,Mitchell Marsh,34,1,1,0
193,1,Mitchell Marsh,40,1,1,0
194,1,Mitchell Marsh,55,1,1,0
195,1,Narayan Jagadeesan,22,1,1,0
196,1,Narayan Jagadeesan,33,1,1,0
197,1,Narayan Jagadeesan,39,1,5,0
198,1,Philip Salt,50,1,1,0
199,1,Philip Salt,59,1,1,0
200,1,Prabhsimran Singh,59,1,3,0
201,1,Prerak Mankad,72,1,1,0
202,1,Prithvi Shaw,3,1,1,0
203,1,Prithvi Shaw,28,1,1,0
204,1,Quin,58,1,1,0
205,1,Quin,63,1,3,0
206,1,Rohit Sharma,5,1,2,0
207,1,Rohit Sharma,22,1,4,0
208,1,Rohit Sharma,57,1,2,0
209,1,Rohit Sharma,63,1,1,0
210,1,Rohit Sharma,73,1,2,0
211,1,Ruturaj Gaikwad,1,1,2,0
212,1,Ruturaj Gaikwad,24,1,1,0
213,1,Sai Sudharsan,23,1,1,0
214,1,Shahbaz Ahmed,32,1,2,0
215,1,Shubman Gill,35,1,1,0
216,1,Shubman Gill,39,1,4,0
217,1,Shubman Gill,71,1,2,0
218,1,Shubman Gill,73,1,1,0
219,1,Shubman Gill,74,1,1,0
220,1,Venkatesh Iyer,19,1,2,0
221,1,Virat Kohli,54,1,4,1
222,1,Wriddhiman Saha,1,1,4,0
223,1,Yashasvi Jaiswal,26,1,5,0
224,1,Yashasvi Jaiswal,32,1,2,0
225,1,Yashasvi Jaiswal,48,1,3,0
226,1,Yashasvi Jaiswal,60,1,3,1
227,1,Abhishek Sharma,4,0,3,1
228,1,Aiden Markram,62,0,1,0
229,1,Atharva Taide,21,0,3,1
230,1,Atharva Taide,66,0,4,0
231,1,David Warner,40,0,2,1
232,1,David Warner,55,0,2,1
233,1,David Warner,67,0,2,0
234,1,Devdutt Padikkal,32,0,2,0
235,1,Devon Conway,12,0,4,1
236,1,Devon Conway,33,0,1,0
237,1,Faf du Plessis,43,0,1,0
238,1,Faf du Plessis,70,0,1,0
239,1,Harry Brook,4,0,1,0
240,1,Ishan Kishan,35,0,3,0
241,1,Ishan Kishan,46,0,1,0
242,1,Jos Buttler,4,0,3,0
243,1,Jos Buttler,23,0,2,0
244,1,Jos Buttler,32,0,2,1
245,1,Jos Buttler,42,0,1,0
246,1,Jos Buttler,52,0,1,0
247,1,KL Rahul,26,0,6,0
248,1,KL Rahul,30,0,6,0
249,1,Kyle Mayers,3,0,5,0
250,1,Kyle Mayers,6,0,1,0
251,1,Kyle Mayers,43,0,2,1
252,1,Mahipal Lomror,24,0,2,0
253,1,Manish Pandey,11,0,1,1
254,1,Narayan Jagadeesan,19,0,1,0
255,1,Philip Salt,34,0,1,1
256,1,Philip Salt,44,0,1,1
257,1,Philip Salt,55,0,3,0
258,1,Prabhsimran Singh,14,0,1,1
259,1,Prabhsimran Singh,18,0,2,1
260,1,Prabhsimran Singh,21,0,2,0
261,1,Prabhsimran Singh,64,0,6,0
262,1,Prithvi Shaw,11,0,3,1
263,1,Prithvi Shaw,20,0,2,1
264,1,Quin,51,0,1,0
265,1,Quin,68,0,5,0
266,1,Rahmanullah Gurbaz,19,0,3,1
267,1,Rahul Tripathi,4,0,2,1
268,1,Rahul Tripathi,65,0,4,0
269,1,Ravichandran Ashwin,8,0,1,0
270,1,Rilee Rossouw,11,0,2,0
271,1,Rohit Sharma,46,0,3,1
272,1,Rohit Sharma,72,0,4,0
273,1,Shubman Gill,23,0,2,0
274,1,Shubman Gill,48,0,1,0
275,1,Shubman Gill,70,0,1,0
276,1,Sunil Narine,33,0,3,1
277,1,Venkatesh Iyer,33,0,2,0
278,1,Virat Kohli,32,0,1,1
279,1,Wriddhiman Saha,44,0,6,1
280,1,Wriddhiman Saha,62,0,3,1
281,2,Mitchell Marsh,34,19,6,0
282,2,kes,6,18,6,0
283,2,Kyle Mayers,38,17,7,0
284,2,Ishan Kishan,22,15,5,0
285,2,Jason Roy,68,15,6,0
286,2,Prabhsimran Singh,2,14,6,1
287,2,Rohit Sharma,57,14,6,0
288,2,Ruturaj Gaikwad,55,14,6,0
289,2,Devon Conway,74,13,6,0
290,2,Faf du Plessis,36,13,3,0
291,2,Ishan Kishan,16,13,5,0
292,2,Narayan Jagadeesan,39,13,7,0
293,2,Ruturaj Gaikwad,71,13,6,0
294,2,David Warner,3,12,5,0
295,2,Ishan Kishan,63,12,6,0
296,2,Jos Buttler,11,12,6,0
297,2,Kyle Mayers,51,12,6,0
298,2,Matthew Short,21,12,6,0
299,2,Sai Sudharsan,62,12,10,0
300,2,Shikhar Dhawan,66,12,5,0
301,2,Virat Kohli,15,12,5,0
302,2,Devon Conway,24,11,3,0
303,2,Mayank Agarwal,47,11,5,0
304,2,Philip Salt,55,11,5,0
305,2,Wriddhiman Saha,1,11,3,0
306,2,Yashasvi Jaiswal,4,11,5,0
307,2,Yashasvi Jaiswal,56,11,3,0
308,2,inis,43,11,6,0
309,2,n Sundar,10,11,6,0
310,2,Harry Brook,19,10,4,0
311,2,Ishan Kishan,69,10,6,0
312,2,Jason Roy,28,10,6,0
313,2,Jos Buttler,37,10,6,0
314,2,Ruturaj Gaikwad,1,10,5,0
315,2,Virat Kohli,65,10,5,0
316,2,Wriddhiman Saha,51,10,5,0
317,2,Yashasvi Jaiswal,26,10,2,0
318,2,Yashasvi Jaiswal,42,10,5,0
319,2,Anmolpreet Singh,10,9,5,0
320,2,Devon Conway,6,9,5,0
321,2,Faf du Plessis,32,9,5,0
322,2,Ishan Kishan,5,9,6,0
323,2,Ishan Kishan,46,9,3,0
324,2,Ishan Kishan,54,9,3,0
325,2,Jos Buttler,52,9,4,0
326,2,Mayank Agarwal,14,9,6,0
327,2,Prabhsimran Singh,41,9,5,0
328,2,Shikhar Dhawan,53,9,4,0
329,2,Shubman Gill,39,9,4,0
330,2,David Warner,7,8,5,0
331,2,David Warner,28,8,4,0
332,2,Devon Conway,41,8,5,0
333,2,Devon Conway,67,8,3,0
334,2,Faf du Plessis,54,8,5,0
335,2,Ishan Kishan,72,8,6,0
336,2,Jos Buttler,48,8,3,1
337,2,Rilee Rossouw,44,8,4,0
338,2,Ruturaj Gaikwad,6,8,2,0
339,2,Shikhar Dhawan,18,8,6,0
340,2,Shubman Gill,7,8,6,0
341,2,Shubman Gill,70,8,3,0
342,2,Shubman Gill,73,8,3,0
343,2,Virat Kohli,5,8,8,0
344,2,Yashasvi Jaiswal,52,8,3,0
345,2,Abhishek Sharma,29,7,7,0
346,2,Anmolpreet Singh,52,7,4,0
347,2,Cameron Green,46,7,4,0
348,2,Devon Conway,29,7,5,0
349,2,Devon Conway,33,7,4,0
350,2,Ishan Kishan,25,7,4,0
351,2,Jason Roy,61,7,7,0
352,2,Matthew Short,27,7,5,0
353,2,Mayank Agarwal,40,7,5,0
354,2,Nitish Rana,33,7,3,0
355,2,Rahmanullah Gurbaz,13,7,3,0
356,2,Rohit Sharma,73,7,3,0
357,2,Shubman Gill,35,7,5,0
358,2,Venkatesh Iyer,47,7,4,1
359,2,Wriddhiman Saha,13,7,4,0
360,2,Abhishek Sharma,40,6,3,0
361,2,Abhishek Sharma,58,6,2,0
362,2,David Warner,16,6,4,0
363,2,Jos Buttler,26,6,5,0
364,2,KL Rahul,21,6,6,0
365,2,KL Rahul,26,6,2,0
366,2,Kyle Mayers,26,6,5,0
367,2,Philip Salt,40,6,3,0
368,2,Philip Salt,50,6,4,0
369,2,Prabhsimran Singh,8,6,2,0
370,2,Prabhsimran Singh,64,6,3,0
371,2,Prithvi Shaw,16,6,3,0
372,2,Quin,63,6,3,0
373,2,Rohit Sharma,54,6,3,0
374,2,Shikhar Dhawan,59,6,2,1
375,2,Shubman Gill,13,6,3,0
376,2,Shubman Gill,18,6,2,0
377,2,Shubman Gill,44,6,6,0
378,2,Virat Kohli,36,6,3,0
379,2,Yashasvi Jaiswal,8,6,5,1
380,2,Abhishek Sharma,62,5,5,1
381,2,Anmolpreet Singh,58,5,5,0
382,2,David Warner,11,5,7,0
383,2,David Warner,59,5,3,0
384,2,Devon Conway,49,5,5,0
385,2,Devon Conway,61,5,2,0
386,2,Faf du Plessis,24,5,3,0
387,2,Jason Roy,53,5,4,0
388,2,Kyle Mayers,30,5,5,0
389,2,Matthew Short,31,5,4,0
390,2,Narayan Jagadeesan,13,5,3,0
391,2,Narayan Jagadeesan,22,5,5,1
392,2,Narayan Jagadeesan,36,5,6,0
393,2,Prithvi Shaw,3,5,2,0
394,2,Prithvi Shaw,28,5,2,0
395,2,Ruturaj Gaikwad,67,5,3,0
396,2,Sai Sudharsan,23,5,4,0
397,2,Virat Kohli,27,5,5,0
398,2,Virat Kohli,50,5,5,0
399,2,Wriddhiman Saha,18,5,4,0
400,2,Wriddhiman Saha,70,5,3,0
401,2,Wriddhiman Saha,71,5,4,0
402,2,Yashasvi Jaiswal,32,5,6,0
403,2,Anukul Roy,2,4,5,1
404,2,Atharva Taide,66,4,2,0
405,2,Devdutt Padikkal,60,4,2,0
406,2,Devdutt Padikkal,66,4,2,0
407,2,Hardik Pandya,57,4,1,0
408,2,Harry Brook,4,4,4,0
409,2,Harry Brook,25,4,2,1
410,2,Jitesh Sharma,14,4,4,0
411,2,Kyle Mayers,3,4,2,0
412,2,Liam Livings,59,4,4,0
413,2,Mahipal Lomror,24,4,3,1
414,2,Matthew Short,46,4,3,0
415,2,Mayank Agarwal,19,4,3,0
416,2,Mayank Agarwal,34,4,3,0
417,2,Prabhsimran Singh,27,4,1,0
418,2,Prabhsimran Singh,38,4,6,0
419,2,Prabhsimran Singh,46,4,3,1
420,2,Quin,68,4,3,0
421,2,Rahmanullah Gurbaz,56,4,6,0
422,2,Rahul Tripathi,65,4,3,0
423,2,Rohit Sharma,12,4,4,0
424,2,Rohit Sharma,31,4,4,0
425,2,Ruturaj Gaikwad,12,4,6,0
426,2,Ruturaj Gaikwad,29,4,1,0
427,2,Ruturaj Gaikwad,37,4,5,0
428,2,Shubman Gill,1,4,3,0
429,2,Suryakumar Yadav,73,4,1,0
430,2,Deepak Hooda,15,3,3,0
431,2,Deepak Hooda,63,3,3,0
432,2,Jos Buttler,4,3,1,0
433,2,Jos Buttler,8,3,1,0
434,2,Jos Buttler,56,3,5,1
435,2,Mayank Agarwal,4,3,2,0
436,2,Prabhsimran Singh,31,3,2,0
437,2,Ruturaj Gaikwad,61,3,4,0
438,2,Shikhar Dhawan,8,3,4,0
439,2,Shubman Gill,57,3,4,0
440,2,Virat Kohli,20,3,3,0
441,2,Virat Kohli,70,3,5,0
442,2,Vivrant Sharma,69,3,4,0
443,2,Abhishek Sharma,47,2,2,0
444,2,Ajinkya Rahane,12,2,2,0
445,2,Devon Conway,55,2,2,0
446,2,Faf du Plessis,20,2,3,0
447,2,Faf du Plessis,65,2,2,0
448,2,Ishan Kishan,12,2,3,0
449,2,Ishan Kishan,49,2,3,0
450,2,KL Rahul,15,2,3,0
451,2,Karan Sharma,68,2,3,0
452,2,Mayank Agarwal,25,2,3,0
453,2,Mayank Agarwal,69,2,2,0
454,2,Mitchell Marsh,40,2,3,0
455,2,Prerak Mankad,72,2,5,1
456,2,Priyam Garg,44,2,3,1
457,2,Rohit Sharma,25,2,3,0
458,2,Ruturaj Gaikwad,17,2,2,0
459,2,Ruturaj Gaikwad,24,2,3,0
460,2,Ruturaj Gaikwad,33,2,2,0
461,2,Shubman Gill,74,2,3,0
462,2,Venkatesh Iyer,9,2,3,0
463,2,Venkatesh Iyer,19,2,5,0
464,2,Virat Kohli,60,2,2,0
465,2,Wriddhiman Saha,73,2,3,0
466,2,Wriddhiman Saha,74,2,3,0
467,2,Yashasvi Jaiswal,17,2,2,1
468,2,Abhishek Sharma,52,1,2,0
469,2,Abhishek Sharma,65,1,3,0
470,2,Anuj Rawat,54,1,1,0
471,2,Atharva Taide,64,1,2,0
472,2,Ayush Badoni,43,1,6,0
473,2,Cameron Green,31,1,1,0
474,2,Cameron Green,49,1,2,1
475,2,Cameron Green,73,1,3,0
476,2,David Warner,50,1,2,0
477,2,David Warner,64,1,3,0
478,2,Devdutt Padikkal,17,1,2,0
479,2,Devdutt Padikkal,23,1,3,0
480,2,Devon Conway,1,1,1,0
481,2,Devon Conway,17,1,4,0
482,2,Devon Conway,37,1,1,0
483,2,Devon Conway,71,1,1,0
484,2,Faf du Plessis,5,1,1,0
485,2,Faf du Plessis,9,1,2,0
486,2,Faf du Plessis,15,1,1,0
487,2,Faf du Plessis,27,1,1,0
488,2,Faf du Plessis,50,1,1,0
489,2,Faf du Plessis,60,1,4,0
490,2,Faf du Plessis,70,1,1,0
491,2,Hardik Pandya,30,1,3,0
492,2,Harry Brook,34,1,3,0
493,2,Ishan Kishan,31,1,2,1
494,2,Ishan Kishan,35,1,1,0
495,2,Ishan Kishan,42,1,4,0
496,2,Jason Roy,47,1,1,0
497,2,Joe Root,60,1,1,0
498,2,Jos Buttler,17,1,2,0
499,2,Jos Buttler,42,1,2,0
500,2,Jos Buttler,60,1,3,1
501,2,KL Rahul,3,1,4,0
502,2,KL Rahul,30,1,1,0
503,2,Kyle Mayers,21,1,1,0
504,2,Kyle Mayers,58,1,6,0
505,2,Manan Vohra,45,1,2,0
506,2,Matthew Short,14,1,3,1
507,2,Mayank Agarwal,10,1,1,0
508,2,Mitchell Marsh,55,1,1,0
509,2,Narayan Jagadeesan,19,1,2,0
510,2,Philip Salt,59,1,3,0
511,2,Philip Salt,67,1,2,0
512,2,Prithvi Shaw,7,1,1,0
513,2,Prithvi Shaw,64,1,3,0
514,2,Quin,58,1,1,0
515,2,Rahmanullah Gurbaz,9,1,3,0
516,2,Rahmanullah Gurbaz,22,1,1,0
517,2,Rahul Tripathi,25,1,1,0
518,2,Rahul Tripathi,62,1,1,0
519,2,Rohit Sharma,22,1,1,0
520,2,Rohit Sharma,35,1,5,1
521,2,Rohit Sharma,42,1,2,1
522,2,Rohit Sharma,63,1,1,0
523,2,Ruturaj Gaikwad,41,1,1,0
524,2,Ruturaj Gaikwad,49,1,1,0
525,2,Ruturaj Gaikwad,74,1,1,0
526,2,Sanju Samson,48,1,1,0
527,2,Shahbaz Ahmed,32,1,1,0
528,2,Shubman Gill,48,1,5,0
529,2,Shubman Gill,51,1,1,0
530,2,Shubman Gill,71,1,2,0
531,2,Venkatesh Iyer,22,1,1,0
532,2,Venkatesh Iyer,33,1,1,0
533,2,Virat Kohli,9,1,4,0
534,2,Wriddhiman Saha,35,1,1,0
535,2,Wriddhiman Saha,39,1,2,0
536,2,Wriddhiman Saha,48,1,1,0
537,2,Yash Dhull,20,1,2,0
538,2,Yashasvi Jaiswal,48,1,2,0
539,2,Aiden Markram,62,0,1,0
540,2,David Warner,67,0,1,0
541,2,Jos Buttler,66,0,4,1
542,2,Krunal Pandya,72,0,1,0
543,2,Kyle Mayers,45,0,4,0
544,2,Lit,28,0,1,1
545,2,Mandeep Singh,2,0,1,1
546,2,Mitchell Marsh,20,0,4,1
547,2,Narayan Jagadeesan,33,0,2,1
548,2,Prabhsimran Singh,53,0,2,1
549,2,Prithvi Shaw,67,0,3,1
550,2,Rahmanullah Gurbaz,47,0,1,1
551,2,Rahmanullah Gurbaz,53,0,2,0
552,2,Ravichandran Ashwin,8,0,2,0
553,2,Rohit Sharma,16,0,1,0
554,2,Rohit Sharma,49,0,1,0
555,2,Sanju Samson,60,0,1,1
556,2,Shikhar Dhawan,41,0,1,0
557,2,Shikhar Dhawan,64,0,1,1
558,2,Shubman Gill,23,0,2,0
559,2,Shubman Gill,30,0,2,1
560,2,Wriddhiman Saha,30,0,1,0
561,2,Wriddhiman Saha,57,0,1,1
562,2,Yashasvi Jaiswal,23,0,3,1
563,3,Ruturaj Gaikwad,49,20,6,0
564,3,inis,38,19,9,0
565,3,Shubman Gill,39,18,6,0
566,3,Wriddhiman Saha,18,18,6,0
567,3,Yashasvi Jaiswal,37,18,6,0
568,3,Faf du Plessis,5,16,6,0
569,3,Faf du Plessis,70,16,6,0
570,3,Wriddhiman Saha,74,16,6,0
571,3,Krunal Pandya,43,15,6,0
572,3,Rohit Sharma,72,15,5,0
573,3,Cameron Green,42,14,5,0
574,3,Ishan Kishan,54,14,6,0
575,3,Harry Brook,19,13,3,0
576,3,Ishan Kishan,12,13,5,0
577,3,KL Rahul,30,13,4,0
578,3,Kyle Mayers,6,13,7,0
579,3,Rahmanullah Gurbaz,9,13,5,0
580,3,Shikhar Dhawan,41,13,6,0
581,3,Venkatesh Iyer,22,13,7,0
582,3,Yashasvi Jaiswal,56,13,4,0
583,3,n Sundar,25,13,6,0
584,3,Glenn Maxwell,24,12,5,0
585,3,Hardik Pandya,44,12,6,0
586,3,Yashasvi Jaiswal,48,12,4,0
587,3,David Warner,64,11,5,0
588,3,Ishan Kishan,57,11,5,0
589,3,Kyle Mayers,38,11,5,0
590,3,Matthew Short,18,11,7,0
591,3,Mayank Agarwal,69,11,6,0
592,3,Philip Salt,50,11,5,0
593,3,Venkatesh Iyer,33,11,7,0
594,3,David Warner,28,10,6,0
595,3,Devon Conway,74,10,4,0
596,3,Glenn Maxwell,32,10,5,0
597,3,Ishan Kishan,22,10,3,0
598,3,Kyle Mayers,51,10,3,0
599,3,Rohit Sharma,16,10,4,0
600,3,Virat Kohli,27,10,4,0
601,3,Wriddhiman Saha,70,10,6,1
602,3,Ajinkya Rahane,12,9,4,0
603,3,David Warner,16,9,4,0
604,3,Devdutt Padikkal,17,9,5,0
605,3,Devon Conway,29,9,4,0
606,3,Devon Conway,67,9,4,0
607,3,Faf du Plessis,20,9,5,0
608,3,Jason Roy,53,9,5,0
609,3,Jos Buttler,4,9,3,0
610,3,Jos Buttler,8,9,6,0
611,3,Kyle Mayers,45,9,5,0
612,3,Kyle Mayers,72,9,6,0
613,3,Prabhsimran Singh,59,9,6,0
614,3,Prithvi Shaw,7,9,5,1
615,3,Quin,51,9,3,0
616,3,Ruturaj Gaikwad,41,9,4,0
617,3,Sai Sudharsan,23,9,6,0
618,3,Shikhar Dhawan,8,9,5,0
619,3,Venkatesh Iyer,61,9,4,1
620,3,Wriddhiman Saha,1,9,4,0
621,3,Yashasvi Jaiswal,32,9,4,0
622,3,Philip Salt,59,8,4,0
623,3,Ruturaj Gaikwad,6,8,4,0
624,3,Sai Sudharsan,62,8,4,0
625,3,Shikhar Dhawan,14,8,6,0
626,3,Shubman Gill,71,8,3,0
627,3,Yashasvi Jaiswal,4,8,3,0
628,3,Abhishek Sharma,29,7,2,0
629,3,Atharva Taide,66,7,2,0
630,3,Cameron Green,31,7,5,0
631,3,Jos Buttler,52,7,6,0
632,3,Narayan Jagadeesan,19,7,3,0
633,3,Philip Salt,40,7,4,0
634,3,Philip Salt,55,7,4,1
635,3,Quin,68,7,2,0
636,3,Rohit Sharma,22,7,3,0
637,3,Ruturaj Gaikwad,33,7,3,0
638,3,Shubman Gill,62,7,2,0
639,3,Tilak Varma,73,7,3,0
640,3,Abhishek Sharma,40,6,2,0
641,3,Devon Conway,61,6,3,0
642,3,Faf du Plessis,15,6,3,0
643,3,Mayank Agarwal,47,6,4,1
644,3,Narayan Jagadeesan,39,6,4,1
645,3,Quin,58,6,4,0
646,3,Rahmanullah Gurbaz,2,6,5,0
647,3,Rahmanullah Gurbaz,13,6,3,1
648,3,Rahul Tripathi,25,6,3,0
649,3,Rohit Sharma,57,6,1,0
650,3,Shikhar Dhawan,46,6,6,0
651,3,Shubman Gill,7,6,4,0
652,3,Venkatesh Iyer,13,6,3,0
653,3,Virat Kohli,50,6,5,0
654,3,Wriddhiman Saha,13,6,6,0
655,3,Yashasvi Jaiswal,66,6,5,0
656,3,Abhishek Sharma,52,5,2,0
657,3,Anmolpreet Singh,52,5,4,0
658,3,David Warner,59,5,2,0
659,3,Devdutt Padikkal,66,5,2,0
660,3,Hardik Pandya,35,5,5,0
661,3,Harpreet Singh,21,5,2,0
662,3,Ishan Kishan,16,5,2,0
663,3,Ishan Kishan,63,5,4,0
664,3,Jason Roy,28,5,5,0
665,3,Jason Roy,68,5,4,0
666,3,Joe Root,60,5,6,0
667,3,Jos Buttler,11,5,3,0
668,3,KL Rahul,15,5,5,0
669,3,KL Rahul,21,5,3,0
670,3,KL Rahul,38,5,2,0
671,3,Kyle Mayers,3,5,4,0
672,3,Kyle Mayers,21,5,3,0
673,3,Mayank Agarwal,4,5,4,0
674,3,Mayank Agarwal,10,5,4,1
675,3,Mayank Agarwal,14,5,3,0
676,3,Mayank Agarwal,34,5,3,0
677,3,Prabhsimran Singh,27,5,3,0
678,3,Prithvi Shaw,3,5,2,0
679,3,Rilee Rossouw,11,5,2,0
680,3,Shikhar Dhawan,53,5,5,0
681,3,Shikhar Dhawan,66,5,4,0
682,3,Shubman Gill,48,5,5,0
683,3,Venkatesh Iyer,19,5,3,0
684,3,Vijay Shankar,57,5,2,0
685,3,Virat Kohli,65,5,3,0
686,3,Wriddhiman Saha,30,5,4,0
687,3,Wriddhiman Saha,51,5,3,0
688,3,Wriddhiman Saha,71,5,3,1
689,3,Wriddhiman Saha,73,5,3,0
690,3,Abhishek Sharma,65,4,6,0
691,3,Ajinkya Rahane,17,4,2,0
692,3,Anmolpreet Singh,58,4,2,0
693,3,Anuj Rawat,54,4,2,1
694,3,Cameron Green,69,4,1,0
695,3,David Warner,3,4,4,0
696,3,David Warner,11,4,4,0
697,3,Devon Conway,41,4,2,0
698,3,Devon Conway,55,4,4,0
699,3,Faf du Plessis,9,4,2,0
700,3,Glenn Maxwell,54,4,4,0
701,3,Jason Roy,36,4,2,0
702,3,Jason Roy,47,4,6,0
703,3,Jason Roy,56,4,2,1
704,3,Krunal Pandya,63,4,2,0
705,3,Kyle Mayers,10,4,2,0
706,3,Matthew Short,31,4,2,1
707,3,Mitchell Marsh,55,4,2,0
708,3,Prabhsimran Singh,21,4,2,1
709,3,Ruturaj Gaikwad,71,4,4,0
710,3,Shubman Gill,23,4,1,0
711,3,Yashasvi Jaiswal,42,4,1,0
712,3,Aiden Markram,62,3,2,0
713,3,Faf du Plessis,60,3,3,0
714,3,Hardik Pandya,30,3,2,0
715,3,Harry Brook,29,3,4,0
716,3,Jos Buttler,42,3,7,0
717,3,Mayank Agarwal,25,3,5,0
718,3,Rahul Tripathi,58,3,3,0
719,3,Shubman Gill,51,3,3,0
720,3,Virat Kohli,9,3,4,0
721,3,Ajinkya Rahane,24,2,3,0
722,3,David Warner,67,2,4,0
723,3,Devon Conway,6,2,2,0
724,3,Devon Conway,17,2,2,0
725,3,Faf du Plessis,43,2,4,0
726,3,Faf du Plessis,65,2,3,0
727,3,Harry Brook,34,2,3,0
728,3,Heinrich Klaasen,62,2,3,0
729,3,Jos Buttler,26,2,5,0
730,3,Kyle Mayers,26,2,6,0
731,3,Kyle Mayers,58,2,2,0
732,3,Liam Livings,27,2,2,0
733,3,Manish Pandey,20,2,4,0
734,3,Mayank Agarwal,19,2,3,0
735,3,Prabhsimran Singh,31,2,2,0
736,3,Prabhsimran Singh,64,2,2,0
737,3,Prithvi Shaw,28,2,1,0
738,3,Rohit Sharma,63,2,2,0
739,3,Rohit Sharma,69,2,3,0
740,3,Ruturaj Gaikwad,29,2,2,0
741,3,Ruturaj Gaikwad,61,2,3,0
742,3,Ruturaj Gaikwad,67,2,3,0
743,3,Sai Sudharsan,7,2,2,0
744,3,Shubman Gill,1,2,2,0
745,3,Shubman Gill,73,2,3,0
746,3,Suryakumar Yadav,49,2,1,0
747,3,Virat Kohli,15,2,3,0
748,3,Virat Kohli,36,2,2,0
749,3,Virat Kohli,43,2,2,0
750,3,Virat Kohli,60,2,4,0
751,3,Yashasvi Jaiswal,11,2,3,0
752,3,Abhishek Sharma,47,1,1,0
753,3,Anmolpreet Singh,10,1,1,0
754,3,Atharva Taide,31,1,2,0
755,3,Atharva Taide,64,1,4,0
756,3,Ayush Badoni,43,1,1,0
757,3,Cameron Green,5,1,1,0
758,3,Cameron Green,35,1,1,0
759,3,Cameron Green,46,1,5,0
760,3,David Warner,50,1,1,0
761,3,Deepak Hooda,15,1,1,0
762,3,Devdutt Padikkal,23,1,2,0
763,3,Devdutt Padikkal,32,1,2,0
764,3,Devon Conway,24,1,1,0
765,3,Devon Conway,33,1,3,0
766,3,Devon Conway,71,1,2,0
767,3,Faf du Plessis,24,1,1,0
768,3,Faf du Plessis,27,1,2,0
769,3,Faf du Plessis,50,1,1,0
770,3,Harry Brook,14,1,3,0
771,3,Ishan Kishan,35,1,5,0
772,3,Ishan Kishan,42,1,1,0
773,3,Ishan Kishan,46,1,1,0
774,3,Ishan Kishan,69,1,2,1
775,3,Ishan Kishan,72,1,1,0
776,3,Jason Roy,61,1,1,0
777,3,Jos Buttler,17,1,1,0
778,3,KL Rahul,3,1,2,0
779,3,KL Rahul,10,1,4,0
780,3,Kyle Mayers,30,1,2,0
781,3,Manan Vohra,45,1,1,0
782,3,Manish Pandey,55,1,1,0
783,3,Matthew Short,21,1,2,0
784,3,Mitchell Marsh,34,1,1,0
785,3,Mitchell Marsh,40,1,2,0
786,3,Narayan Jagadeesan,36,1,4,0
787,3,Nehal Wadhera,49,1,1,0
788,3,Nitish Rana,61,1,2,0
789,3,Philip Salt,67,1,2,0
790,3,Prabhsimran Singh,8,1,1,0
791,3,Prabhsimran Singh,41,1,1,0
792,3,Prerak Mankad,68,1,3,0
793,3,Prithvi Shaw,16,1,2,0
794,3,Prithvi Shaw,64,1,1,0
795,3,Priyam Garg,44,1,3,0
796,3,Quin,63,1,2,0
797,3,Rahmanullah Gurbaz,39,1,1,0
798,3,Rahmanullah Gurbaz,53,1,1,0
799,3,Rahul Tripathi,40,1,1,0
800,3,Rohit Sharma,12,1,1,0
801,3,Rohit Sharma,31,1,1,0
802,3,Rohit Sharma,54,1,1,0
803,3,Ruturaj Gaikwad,1,1,1,0
804,3,Ruturaj Gaikwad,37,1,2,0
805,3,Ruturaj Gaikwad,55,1,2,0
806,3,Ruturaj Gaikwad,74,1,2,0
807,3,Sanju Samson,48,1,2,0
808,3,Sanju Samson,56,1,2,0
809,3,Shahbaz Ahmed,36,1,3,0
810,3,Shikhar Dhawan,2,1,4,0
811,3,Shubman Gill,13,1,1,0
812,3,Shubman Gill,57,1,2,0
813,3,Suryakumar Yadav,73,1,1,0
814,3,Venkatesh Iyer,2,1,1,0
815,3,Venkatesh Iyer,9,1,2,0
816,3,Venkatesh Iyer,68,1,2,0
817,3,Virat Kohli,20,1,1,0
818,3,Vivrant Sharma,69,1,2,0
819,3,Wriddhiman Saha,39,1,1,0
820,3,Yashasvi Jaiswal,26,1,1,0
821,3,Yashasvi Jaiswal,52,1,1,0
822,3,Abhishek Sharma,58,0,1,1
823,3,Bhanuka Rajapaksa,2,0,2,0
824,3,Bhanuka Rajapaksa,53,0,1,0
825,3,David Warner,34,0,5,0
826,3,Deepak Hooda,63,0,1,1
827,3,Devon Conway,1,0,1,1
828,3,Devon Conway,37,0,4,0
829,3,Faf du Plessis,36,0,1,1
830,3,Hardik Pandya,57,0,2,1
831,3,Harry Brook,4,0,2,0
832,3,Ishan Kishan,5,0,3,1
833,3,Ishan Kishan,49,0,2,1
834,3,Jos Buttler,23,0,3,1
835,3,Karan Sharma,68,0,1,1
836,3,Manish Pandey,44,0,1,0
837,3,Matthew Short,27,0,1,1
838,3,Mayank Agarwal,40,0,3,1
839,3,Mitchell Marsh,7,0,2,0
840,3,Moeen Ali,1,0,4,0
841,3,Prabhsimran Singh,38,0,1,0
842,3,Prerak Mankad,63,0,1,1
843,3,Rahul Tripathi,10,0,1,0
844,3,Rahul Tripathi,47,0,1,0
845,3,Rahul Tripathi,62,0,1,1
846,3,Rilee Rossouw,44,0,2,1
847,3,Rohit Sharma,5,0,2,0
848,3,Rohit Sharma,49,0,2,1
849,3,Rohit Sharma,73,0,2,1
850,3,Ruturaj Gaikwad,12,0,2,0
851,3,Ruturaj Gaikwad,17,0,2,1
852,3,Ruturaj Gaikwad,24,0,2,1
853,3,Sanju Samson,23,0,1,0
854,3,Shahbaz Ahmed,32,0,1,1
855,3,Shardul Thakur,39,0,1,0
856,3,Venkatesh Iyer,28,0,1,0
857,3,Venkatesh Iyer,56,0,4,0
858,3,Wriddhiman Saha,7,0,1,1
859,3,Wriddhiman Saha,35,0,1,1
860,3,Wriddhiman Saha,48,0,1,0
861,3,Yash Dhull,20,0,2,1
862,4,Ajinkya Rahane,12,23,6,0
863,4,Wriddhiman Saha,51,21,5,0
864,4,Prabhsimran Singh,8,19,7,0
865,4,n Sundar,4,19,6,0
866,4,Shubman Gill,62,18,6,0
867,4,Kyle Mayers,6,17,9,0
868,4,Faf du Plessis,9,16,4,0
869,4,Faf du Plessis,24,16,5,0
870,4,Faf du Plessis,27,16,5,0
871,4,Faf du Plessis,32,16,6,0
872,4,Ishan Kishan,22,16,5,0
873,4,Jos Buttler,42,15,7,0
874,4,Rahmanullah Gurbaz,56,14,5,0
875,4,Faf du Plessis,65,13,4,0
876,4,Prabhsimran Singh,31,13,5,0
877,4,Rahmanullah Gurbaz,39,13,6,0
878,4,Shubman Gill,74,13,5,0
879,4,Virat Kohli,70,13,4,0
880,4,n Sundar,34,13,6,0
881,4,Cameron Green,35,12,6,0
882,4,David Warner,64,12,3,0
883,4,Prabhsimran Singh,64,12,4,0
884,4,Rahmanullah Gurbaz,53,12,4,0
885,4,Sanju Samson,48,12,4,0
886,4,David Warner,50,11,4,0
887,4,Faf du Plessis,60,11,5,0
888,4,Matthew Short,46,11,5,0
889,4,Rahul Tripathi,65,11,4,0
890,4,Ruturaj Gaikwad,1,11,3,0
891,4,Ruturaj Gaikwad,37,11,3,0
892,4,Ruturaj Gaikwad,74,11,3,0
893,4,Venkatesh Iyer,22,11,4,0
894,4,Harry Brook,29,10,5,0
895,4,Narayan Jagadeesan,36,10,5,0
896,4,Rahul Tripathi,58,10,5,0
897,4,Virat Kohli,5,10,6,0
898,4,Yashasvi Jaiswal,52,10,5,0
899,4,David Warner,59,9,3,0
900,4,Devdutt Padikkal,66,9,4,0
901,4,Devon Conway,33,9,6,0
902,4,Devon Conway,49,9,5,0
903,4,Faf du Plessis,54,9,5,0
904,4,Prabhsimran Singh,41,9,3,0
905,4,Prabhsimran Singh,59,9,7,0
906,4,Quin,51,9,3,0
907,4,Rahul Tripathi,40,9,4,0
908,4,Ruturaj Gaikwad,67,9,4,0
909,4,Shikhar Dhawan,2,9,4,0
910,4,Vijay Shankar,57,9,4,0
911,4,Vivrant Sharma,69,9,4,0
912,4,Atharva Taide,66,8,4,1
913,4,Cameron Green,46,8,3,0
914,4,Cameron Green,72,8,4,0
915,4,Harry Brook,14,8,5,1
916,4,Kyle Mayers,30,8,4,0
917,4,Quin,68,8,2,0
918,4,Virat Kohli,15,8,6,0
919,4,Virat Kohli,36,8,5,0
920,4,Yashasvi Jaiswal,11,8,5,0
921,4,Aiden Markram,62,7,4,0
922,4,Devon Conway,71,7,4,0
923,4,Faf du Plessis,43,7,4,0
924,4,Ishan Kishan,54,7,3,0
925,4,Jason Roy,36,7,2,0
926,4,Jos Buttler,8,7,2,0
927,4,Kyle Mayers,21,7,4,0
928,4,Mitchell Marsh,40,7,4,0
929,4,Rohit Sharma,12,7,3,1
930,4,Rohit Sharma,31,7,4,0
931,4,Rohit Sharma,63,7,4,0
932,4,Sanju Samson,8,7,3,0
933,4,Tilak Varma,73,7,2,0
934,4,Venkatesh Iyer,68,7,5,0
935,4,Virat Kohli,9,7,2,0
936,4,Wriddhiman Saha,1,7,6,1
937,4,Wriddhiman Saha,30,7,4,0
938,4,Wriddhiman Saha,39,7,4,0
939,4,Wriddhiman Saha,48,7,4,0
940,4,Anmolpreet Singh,52,6,4,0
941,4,David Warner,3,6,5,0
942,4,Deepak Hooda,15,6,4,1
943,4,Devon Conway,55,6,5,0
944,4,Devon Conway,74,6,3,0
945,4,Faf du Plessis,20,6,5,0
946,4,Ishan Kishan,16,6,6,0
947,4,Ishan Kishan,57,6,4,0
948,4,KL Rahul,3,6,5,1
949,4,KL Rahul,38,6,2,1
950,4,Krunal Pandya,63,6,6,0
951,4,Kyle Mayers,51,6,5,0
952,4,Manish Pandey,20,6,4,0
953,4,Nitish Rana,47,6,6,0
954,4,Rohit Sharma,22,6,2,0
955,4,Ruturaj Gaikwad,6,6,4,0
956,4,Ruturaj Gaikwad,61,6,3,1
957,4,Shubman Gill,18,6,3,0
958,4,Wriddhiman Saha,13,6,4,0
959,4,Abhishek Sharma,40,5,2,0
960,4,Abhishek Sharma,65,5,2,0
961,4,Ajinkya Rahane,17,5,2,0
962,4,Ajinkya Rahane,24,5,4,0
963,4,Cameron Green,31,5,2,0
964,4,David Warner,11,5,2,0
965,4,David Warner,67,5,5,0
966,4,Devdutt Padikkal,23,5,2,0
967,4,Devon Conway,17,5,4,0
968,4,Devon Conway,61,5,2,0
969,4,Hardik Pandya,35,5,5,0
970,4,Hardik Pandya,71,5,2,0
971,4,Harpreet Singh,27,5,3,0
972,4,Heinrich Klaasen,62,5,2,0
973,4,Jason Roy,28,5,2,0
974,4,KL Rahul,10,5,4,0
975,4,Marcus S,72,5,3,0
976,4,Matthew Short,21,5,5,0
977,4,Mayank Agarwal,4,5,4,0
978,4,Mayank Agarwal,34,5,3,0
979,4,Philip Salt,40,5,2,0
980,4,Prithvi Shaw,64,5,3,0
981,4,Priyam Garg,44,5,4,0
982,4,Rahmanullah Gurbaz,2,5,6,0
983,4,Rahul Tripathi,47,5,2,0
984,4,Rohit Sharma,69,5,5,0
985,4,Sai Sudharsan,7,5,4,0
986,4,Shubman Gill,71,5,4,0
987,4,Suryakumar Yadav,73,5,4,0
988,4,Virat Kohli,43,5,2,0
989,4,Virat Kohli,65,5,2,0
990,4,Yashasvi Jaiswal,32,5,3,0
991,4,Yashasvi Jaiswal,56,5,7,0
992,4,Ayush Badoni,38,4,4,0
993,4,Cameron Green,5,4,3,1
994,4,Cameron Green,42,4,4,0
995,4,Cameron Green,69,4,1,0
996,4,David Warner,7,4,6,0
997,4,Devdutt Padikkal,17,4,4,0
998,4,Faf du Plessis,70,4,2,0
999,4,Ishan Kishan,25,4,4,0
1000,4,Ishan Kishan,63,4,3,0
1001,4,Jason Roy,53,4,3,0
1002,4,Liam Livings,66,4,2,0
1003,4,Moeen Ali,1,4,3,0
1004,4,Nitish Rana,28,4,3,0
1005,4,Nitish Rana,33,4,6,0
1006,4,Prabhsimran Singh,38,4,3,1
1007,4,Prerak Mankad,58,4,4,0
1008,4,Prerak Mankad,68,4,5,0
1009,4,Prithvi Shaw,16,4,4,1
1010,4,Sai Sudharsan,1,4,1,0
1011,4,Sanju Samson,23,4,4,0
1012,4,Shikhar Dhawan,53,4,3,0
1013,4,Venkatesh Iyer,19,4,2,1
1014,4,Vijay Shankar,70,4,5,0
1015,4,Wriddhiman Saha,73,4,2,0
1016,4,Abhishek Sharma,47,3,3,1
1017,4,Atharva Taide,31,3,2,0
1018,4,Bhanuka Rajapaksa,2,3,2,0
1019,4,Ishan Kishan,42,3,3,0
1020,4,Jason Roy,61,3,5,0
1021,4,Jos Buttler,11,3,3,0
1022,4,Philip Salt,59,3,3,0
1023,4,Rahmanullah Gurbaz,22,3,3,0
1024,4,Shikhar Dhawan,41,3,3,0
1025,4,Shubman Gill,73,3,4,0
1026,4,Vijay Shankar,44,3,6,0
1027,4,Abhishek Sharma,52,2,2,0
1028,4,Anmolpreet Singh,10,2,4,0
1029,4,Ayush Badoni,43,2,3,0
1030,4,David Warner,20,2,2,0
1031,4,Devdutt Padikkal,32,2,3,0
1032,4,Devon Conway,29,2,4,0
1033,4,Devon Conway,67,2,2,0
1034,4,Faf du Plessis,50,2,4,0
1035,4,Harry Brook,34,2,3,0
1036,4,Jason Roy,68,2,2,0
1037,4,Joe Root,60,2,5,0
1038,4,Jos Buttler,17,2,2,0
1039,4,Jos Buttler,37,2,3,0
1040,4,KL Rahul,21,2,2,0
1041,4,KL Rahul,26,2,4,0
1042,4,KL Rahul,30,2,2,0
1043,4,Kyle Mayers,26,2,2,0
1044,4,Kyle Mayers,72,2,2,1
1045,4,Mayank Agarwal,19,2,5,0
1046,4,Mayank Agarwal,25,2,2,0
1047,4,Prithvi Shaw,28,2,4,0
1048,4,Rilee Rossouw,11,2,4,0
1049,4,Ruturaj Gaikwad,29,2,2,0
1050,4,Ruturaj Gaikwad,41,2,3,0
1051,4,Sai Sudharsan,23,2,5,0
1052,4,Shubman Gill,39,2,2,0
1053,4,Shubman Gill,48,2,2,0
1054,4,Suryakumar Yadav,49,2,3,0
1055,4,Wriddhiman Saha,18,2,3,0
1056,4,Yashasvi Jaiswal,66,2,2,0
1057,4,Abhishek Sharma,29,1,1,0
1058,4,Aiden Markram,25,1,2,0
1059,4,Ajinkya Rahane,61,1,1,0
1060,4,Anmolpreet Singh,58,1,1,0
1061,4,Atharva Taide,38,1,1,0
1062,4,Atharva Taide,64,1,2,0
1063,4,Bhanuka Rajapaksa,18,1,1,0
1064,4,Bhanuka Rajapaksa,53,1,2,1
1065,4,David Warner,28,1,2,0
1066,4,Deepak Hooda,43,1,1,0
1067,4,Devdutt Padikkal,60,1,1,0
1068,4,Devon Conway,6,1,2,0
1069,4,Devon Conway,24,1,2,0
1070,4,Devon Conway,37,1,3,0
1071,4,Devon Conway,41,1,3,0
1072,4,Glenn Maxwell,24,1,1,0
1073,4,Harry Brook,19,1,1,0
1074,4,Ishan Kishan,12,1,3,0
1075,4,Ishan Kishan,46,1,3,0
1076,4,Ishan Kishan,72,1,1,0
1077,4,Jason Roy,47,1,1,0
1078,4,Jos Buttler,26,1,4,0
1079,4,Jos Buttler,52,1,1,0
1080,4,KL Rahul,6,1,2,0
1081,4,KL Rahul,15,1,1,0
1082,4,Karan Sharma,45,1,2,0
1083,4,Kyle Mayers,3,1,1,0
1084,4,Kyle Mayers,10,1,2,0
1085,4,Kyle Mayers,45,1,3,1
1086,4,Liam Livings,53,1,2,0
1087,4,Manan Vohra,45,1,1,0
1088,4,Manish Pandey,16,1,2,0
1089,4,Manish Pandey,44,1,2,0
1090,4,Manish Pandey,55,1,4,1
1091,4,Matthew Short,18,1,3,0
1092,4,Mayank Agarwal,69,1,2,0
1093,4,Narayan Jagadeesan,13,1,5,1
1094,4,Narayan Jagadeesan,19,1,1,0
1095,4,Nehal Wadhera,49,1,3,0
1096,4,Nitish Rana,19,1,2,0
1097,4,Nitish Rana,61,1,1,0
1098,4,Philip Salt,50,1,2,0
1099,4,Philip Salt,67,1,1,0
1100,4,Prithvi Shaw,3,1,1,0
1101,4,Rahul Tripathi,10,1,3,0
1102,4,Rahul Tripathi,25,1,2,1
1103,4,Rilee Rossouw,55,1,2,0
1104,4,Rohit Sharma,16,1,1,0
1105,4,Rohit Sharma,25,1,2,0
1106,4,Rohit Sharma,57,1,2,0
1107,4,Ruturaj Gaikwad,49,1,1,0
1108,4,Ruturaj Gaikwad,55,1,1,0
1109,4,Ruturaj Gaikwad,71,1,2,0
1110,4,Shahbaz Ahmed,36,1,1,0
1111,4,Shikhar Dhawan,18,1,3,1
1112,4,Shikhar Dhawan,46,1,1,0
1113,4,Shubman Gill,1,1,1,0
1114,4,Shubman Gill,7,1,2,0
1115,4,Shubman Gill,13,1,3,0
1116,4,Shubman Gill,23,1,1,0
1117,4,Shubman Gill,35,1,1,0
1118,4,Shubman Gill,51,1,1,0
1119,4,Shubman Gill,70,1,1,0
1120,4,Suryakumar Yadav,5,1,3,0
1121,4,Venkatesh Iyer,13,1,1,0
1122,4,Venkatesh Iyer,56,1,1,0
1123,4,Virat Kohli,20,1,1,0
1124,4,Virat Kohli,27,1,1,0
1125,4,Virat Kohli,50,1,2,0
1126,4,Virat Kohli,60,1,1,0
1127,4,Wriddhiman Saha,74,1,1,0
1128,4,Yashasvi Jaiswal,26,1,2,0
1129,4,Yashasvi Jaiswal,37,1,3,0
1130,4,Yashasvi Jaiswal,42,1,1,0
1131,4,Yashasvi Jaiswal,48,1,2,0
1132,4,Aiden Markram,47,0,1,0
1133,4,David Miller,57,0,1,0
1134,4,Glenn Maxwell,54,0,1,0
1135,4,Hardik Pandya,30,0,2,0
1136,4,Harpreet Singh,21,0,1,0
1137,4,Harry Brook,4,0,2,0
1138,4,Jitesh Sharma,14,0,5,1
1139,4,Krunal Pandya,15,0,2,1
1140,4,Krunal Pandya,43,0,2,1
1141,4,Krunal Pandya,72,0,1,0
1142,4,Kyle Mayers,58,0,2,1
1143,4,Liam Livings,27,0,2,1
1144,4,Mandeep Singh,9,0,1,1
1145,4,Nitish Rana,9,0,3,0
1146,4,Prabhsimran Singh,27,0,1,0
1147,4,Rahul Tripathi,14,0,1,0
1148,4,Ravichandran Ashwin,8,0,1,1
1149,4,Rohit Sharma,54,0,3,0
1150,4,Rohit Sharma,72,0,1,1
1151,4,Sam Curran,14,0,1,0
1152,4,Shubman Gill,44,0,1,1
1153,4,Shubman Gill,57,0,1,1
1154,4,Sikandar Raza,38,0,2,0
1155,4,Sunil Narine,19,0,1,1
1156,4,Venkatesh Iyer,9,0,2,1
1157,4,Venkatesh Iyer,28,0,1,1
1158,5,Tilak Varma,73,24,6,0
1159,5,Ruturaj Gaikwad,6,20,6,0
1160,5,Philip Salt,50,18,6,0
1161,5,Jos Buttler,4,17,6,0
1162,5,Kyle Mayers,38,17,6,0
1163,5,Faf du Plessis,24,16,6,0
1164,5,Moeen Ali,1,16,5,0
1165,5,Prithvi Shaw,64,16,7,0
1166,5,Yashasvi Jaiswal,42,16,6,0
1167,5,Atharva Taide,38,15,5,0
1168,5,Rahmanullah Gurbaz,9,15,8,0
1169,5,Venkatesh Iyer,22,15,5,0
1170,5,Bhanuka Rajapaksa,2,14,6,0
1171,5,Devon Conway,33,14,6,0
1172,5,Liam Livings,53,14,5,0
1173,5,Devdutt Padikkal,32,13,6,0
1174,5,Faf du Plessis,50,13,6,0
1175,5,Faf du Plessis,65,13,4,0
1176,5,Ishan Kishan,46,13,4,0
1177,5,Jason Roy,68,13,5,0
1178,5,Vijay Shankar,57,13,5,0
1179,5,Yashasvi Jaiswal,11,13,6,0
1180,5,Atharva Taide,64,12,5,0
1181,5,David Warner,20,12,4,0
1182,5,Matthew Short,18,12,8,0
1183,5,Prerak Mankad,68,12,6,0
1184,5,Shubman Gill,1,12,5,0
1185,5,David Warner,67,11,3,0
1186,5,Jos Buttler,17,11,3,0
1187,5,Narayan Jagadeesan,19,11,4,0
1188,5,Rahmanullah Gurbaz,39,11,3,0
1189,5,Rilee Rossouw,55,11,5,0
1190,5,Ajinkya Rahane,61,10,3,0
1191,5,Glenn Maxwell,32,10,4,0
1192,5,Ishan Kishan,54,10,4,1
1193,5,Kyle Mayers,6,10,4,0
1194,5,Prabhsimran Singh,8,10,4,0
1195,5,Shubman Gill,51,10,6,0
1196,5,Virat Kohli,36,10,4,0
1197,5,Abhishek Sharma,52,9,3,0
1198,5,Ajinkya Rahane,55,9,5,0
1199,5,Anmolpreet Singh,58,9,3,0
1200,5,Atharva Taide,31,9,4,0
1201,5,David Warner,59,9,3,0
1202,5,Glenn Maxwell,54,9,4,0
1203,5,KL Rahul,30,9,3,0
1204,5,Matthew Short,21,9,3,0
1205,5,Mayank Agarwal,69,9,3,0
1206,5,Mitchell Marsh,40,9,3,0
1207,5,Rahul Tripathi,19,9,4,1
1208,5,Rahul Tripathi,58,9,3,0
1209,5,Ruturaj Gaikwad,37,9,5,0
1210,5,Ruturaj Gaikwad,71,9,6,0
1211,5,Sanju Samson,8,9,5,0
1212,5,Sanju Samson,48,9,6,0
1213,5,Shubman Gill,35,9,7,0
1214,5,Wriddhiman Saha,30,9,4,0
1215,5,Wriddhiman Saha,48,9,3,0
1216,5,Ajinkya Rahane,12,8,3,0
1217,5,Anmolpreet Singh,10,8,4,0
1218,5,Cameron Green,42,8,4,0
1219,5,Devon Conway,17,8,3,0
1220,5,Devon Conway,67,8,4,0
1221,5,Jason Roy,47,8,6,1
1222,5,Kyle Mayers,21,8,4,0
1223,5,Manish Pandey,16,8,6,0
1224,5,Mayank Agarwal,25,8,3,0
1225,5,Quin,63,8,5,0
1226,5,Rohit Sharma,25,8,4,1
1227,5,Ruturaj Gaikwad,41,8,4,0
1228,5,Suryakumar Yadav,72,8,4,0
1229,5,Virat Kohli,70,8,4,0
1230,5,Yashasvi Jaiswal,37,8,5,0
1231,5,Yashasvi Jaiswal,52,8,5,1
1232,5,Yashasvi Jaiswal,56,8,4,0
1233,5,Ajinkya Rahane,24,7,2,0
1234,5,Cameron Green,69,7,4,0
1235,5,Devdutt Padikkal,23,7,6,0
1236,5,Faf du Plessis,54,7,2,0
1237,5,Harpreet Singh,27,7,5,0
1238,5,Ishan Kishan,35,7,5,0
1239,5,KL Rahul,6,7,3,0
1240,5,Kyle Mayers,26,7,4,0
1241,5,Kyle Mayers,30,7,3,0
1242,5,Kyle Mayers,51,7,2,0
1243,5,Marcus S,72,7,5,0
1244,5,Nitish Rana,61,7,2,0
1245,5,Quin,51,7,4,0
1246,5,Rohit Sharma,22,7,4,1
1247,5,Rohit Sharma,31,7,3,0
1248,5,Rohit Sharma,63,7,3,0
1249,5,Sai Sudharsan,7,7,3,0
1250,5,Shikhar Dhawan,14,7,4,0
1251,5,Shubman Gill,74,7,3,0
1252,5,Virat Kohli,15,7,3,0
1253,5,Anmolpreet Singh,52,6,3,0
1254,5,Cameron Green,12,6,3,0
1255,5,Cameron Green,31,6,4,0
1256,5,Devdutt Padikkal,17,6,3,0
1257,5,Devon Conway,24,6,4,0
1258,5,Hardik Pandya,7,6,3,0
1259,5,Jos Buttler,26,6,3,0
1260,5,KL Rahul,26,6,2,0
1261,5,Marcus S,15,6,5,0
1262,5,Marcus S,43,6,5,0
1263,5,Nitish Rana,2,6,4,0
1264,5,Rilee Rossouw,11,6,3,0
1265,5,Rohit Sharma,57,6,4,0
1266,5,Sanvir Singh,62,6,4,0
1267,5,Shimron Hetmyer,60,6,4,0
1268,5,Shubman Gill,73,6,4,0
1269,5,Venkatesh Iyer,13,6,4,0
1270,5,David Warner,11,5,4,0
1271,5,David Warner,28,5,2,0
1272,5,Devdutt Padikkal,66,5,5,0
1273,5,Devon Conway,74,5,6,0
1274,5,Faf du Plessis,5,5,6,0
1275,5,Faf du Plessis,27,5,3,0
1276,5,Hardik Pandya,39,5,3,0
1277,5,Heinrich Klaasen,65,5,3,0
1278,5,Ishan Kishan,16,5,3,0
1279,5,Jason Roy,36,5,5,0
1280,5,Jitesh Sharma,59,5,4,0
1281,5,Manan Vohra,45,5,3,0
1282,5,Nehal Wadhera,49,5,6,0
1283,5,Nitish Rana,56,5,3,0
1284,5,Rinku Singh,47,5,3,0
1285,5,Rinku Singh,61,5,3,0
1286,5,Rohit Sharma,16,5,3,0
1287,5,Sai Sudharsan,13,5,5,0
1288,5,Shikhar Dhawan,53,5,2,0
1289,5,Shubman Gill,48,5,3,0
1290,5,Shubman Gill,71,5,4,0
1291,5,Venkatesh Iyer,33,5,5,0
1292,5,Virat Kohli,20,5,3,0
1293,5,Virat Kohli,27,5,3,0
1294,5,Wriddhiman Saha,73,5,2,0
1295,5,Yashasvi Jaiswal,26,5,3,0
1296,5,Cameron Green,46,4,2,0
1297,5,David Warner,7,4,2,0
1298,5,Faf du Plessis,20,4,2,1
1299,5,Kyle Mayers,3,4,3,0
1300,5,Manish Pandey,55,4,1,0
1301,5,Mayank Agarwal,34,4,5,0
1302,5,Mitchell Marsh,7,4,2,1
1303,5,Mitchell Marsh,34,4,4,1
1304,5,Nitish Rana,33,4,1,0
1305,5,Prithvi Shaw,28,4,3,1
1306,5,Ruturaj Gaikwad,29,4,3,0
1307,5,Sai Sudharsan,18,4,2,0
1308,5,Sai Sudharsan,23,4,4,0
1309,5,Shikhar Dhawan,41,4,2,1
1310,5,Shubman Gill,70,4,3,0
1311,5,Vijay Shankar,44,4,4,1
1312,5,Wriddhiman Saha,18,4,4,1
1313,5,Wriddhiman Saha,74,4,3,0
1314,5,Ajinkya Rahane,49,3,2,0
1315,5,Atharva Taide,41,3,3,0
1316,5,Deepak Hooda,10,3,3,0
1317,5,Ishan Kishan,12,3,3,0
1318,5,Ishan Kishan,42,3,3,0
1319,5,Nitish Rana,13,3,2,0
1320,5,Philip Salt,59,3,3,0
1321,5,Prerak Mankad,58,3,3,0
1322,5,Ruturaj Gaikwad,12,3,4,0
1323,5,Sai Sudharsan,1,3,2,0
1324,5,Shikhar Dhawan,46,3,3,0
1325,5,Shubman Gill,62,3,4,0
1326,5,Virat Kohli,43,3,3,0
1327,5,Virat Kohli,60,3,4,0
1328,5,Yashasvi Jaiswal,66,3,1,0
1329,5,Abhishek Sharma,40,2,4,0
1330,5,Deepak Hooda,3,2,3,0
1331,5,Faf du Plessis,15,2,3,0
1332,5,Faf du Plessis,32,2,2,0
1333,5,Faf du Plessis,43,2,3,0
1334,5,Faf du Plessis,60,2,2,0
1335,5,Faf du Plessis,70,2,2,0
1336,5,Hardik Pandya,71,2,2,0
1337,5,Harry Brook,19,2,2,0
1338,5,Ishan Kishan,63,2,3,0
1339,5,Jason Roy,28,2,4,0
1340,5,Matthew Short,46,2,3,0
1341,5,Mayank Agarwal,4,2,2,0
1342,5,Mayank Agarwal,14,2,4,0
1343,5,Philip Salt,40,2,3,0
1344,5,Rohit Sharma,69,2,2,0
1345,5,Sai Sudharsan,62,2,2,0
1346,5,Shikhar Dhawan,66,2,3,0
1347,5,Suryakumar Yadav,5,2,2,0
1348,5,Vivrant Sharma,69,2,3,0
1349,5,Wriddhiman Saha,13,2,2,1
1350,5,Abhishek Sharma,29,1,1,0
1351,5,Aiden Markram,25,1,3,0
1352,5,Aiden Markram,40,1,1,0
1353,5,Aiden Markram,65,1,1,0
1354,5,Ajinkya Rahane,17,1,3,0
1355,5,Axar Patel,44,1,4,0
1356,5,Cameron Green,25,1,1,0
1357,5,Cameron Green,35,1,1,0
1358,5,David Warner,34,1,1,0
1359,5,David Warner,50,1,1,0
1360,5,Devon Conway,29,1,3,0
1361,5,Devon Conway,37,1,1,0
1362,5,Devon Conway,41,1,2,0
1363,5,Devon Conway,49,1,3,0
1364,5,Devon Conway,61,1,3,0
1365,5,Faf du Plessis,9,1,1,0
1366,5,Glenn Maxwell,36,1,1,0
1367,5,Hardik Pandya,35,1,1,0
1368,5,Hardik Pandya,44,1,2,0
1369,5,Harry Brook,4,1,4,0
1370,5,Harry Brook,34,1,1,0
1371,5,Ishan Kishan,22,1,1,0
1372,5,Ishan Kishan,57,1,2,0
1373,5,Jason Roy,53,1,1,0
1374,5,Joe Root,60,1,1,0
1375,5,Jos Buttler,37,1,1,0
1376,5,Jos Buttler,52,1,1,0
1377,5,KL Rahul,10,1,1,0
1378,5,KL Rahul,15,1,1,0
1379,5,KL Rahul,21,1,2,0
1380,5,Karan Sharma,45,1,3,0
1381,5,Krunal Pandya,63,1,1,0
1382,5,Krunal Pandya,72,1,1,0
1383,5,Liam Livings,66,1,4,0
1384,5,Mahipal Lomror,20,1,1,0
1385,5,Manish Pandey,20,1,2,0
1386,5,Michael Bracewell,9,1,1,0
1387,5,Mitchell Marsh,28,1,1,0
1388,5,Narayan Jagadeesan,36,1,1,0
1389,5,Nitish Rana,19,1,2,0
1390,5,Nitish Rana,53,1,2,0
1391,5,Prabhsimran Singh,27,1,1,0
1392,5,Prabhsimran Singh,31,1,2,0
1393,5,Prabhsimran Singh,41,1,1,0
1394,5,Prabhsimran Singh,59,1,1,0
1395,5,Prabhsimran Singh,64,1,1,0
1396,5,Prithvi Shaw,3,1,4,1
1397,5,Quin,58,1,3,0
1398,5,Rahmanullah Gurbaz,22,1,2,0
1399,5,Rahmanullah Gurbaz,53,1,3,1
1400,5,Rahul Tripathi,10,1,2,0
1401,5,Rahul Tripathi,14,1,2,0
1402,5,Rahul Tripathi,40,1,2,1
1403,5,Rahul Tripathi,47,1,2,0
1404,5,Ruturaj Gaikwad,1,1,2,0
1405,5,Ruturaj Gaikwad,67,1,2,0
1406,5,Ruturaj Gaikwad,74,1,1,0
1407,5,Sam Curran,14,1,2,0
1408,5,Sanju Samson,56,1,2,0
1409,5,Sarfaraz Khan,3,1,3,0
1410,5,Sarfaraz Khan,7,1,2,0
1411,5,Sarfaraz Khan,34,1,1,0
1412,5,Shikhar Dhawan,8,1,3,0
1413,5,Shubman Gill,23,1,2,1
1414,5,Shubman Gill,39,1,2,0
1415,5,Sikandar Raza,38,1,1,0
1416,5,Suryakumar Yadav,54,1,1,0
1417,5,Venkatesh Iyer,56,1,2,0
1418,5,Venkatesh Iyer,68,1,1,0
1419,5,Vijay Shankar,70,1,3,0
1420,5,Virat Kohli,9,1,4,1
1421,5,Virat Kohli,65,1,2,0
1422,5,Abhishek Sharma,65,0,1,1
1423,5,Aiden Markram,47,0,4,0
1424,5,Aiden Markram,62,0,2,1
1425,5,Ayush Badoni,43,0,1,1
1426,5,David Miller,57,0,1,0
1427,5,Devdutt Padikkal,60,0,1,1
1428,5,Devon Conway,55,0,1,1
1429,5,Hardik Pandya,30,0,2,0
1430,5,Harpreet Singh,21,0,3,0
1431,5,Harry Brook,29,0,1,1
1432,5,Ishan Kishan,25,0,1,0
1433,5,Ishan Kishan,72,0,2,1
1434,5,Jason Roy,61,0,1,1
1435,5,Jos Buttler,8,0,1,0
1436,5,Kyle Mayers,10,0,3,1
1437,5,Liam Livings,59,0,1,1
1438,5,Manish Pandey,44,0,1,1
1439,5,Mayank Agarwal,19,0,1,1
1440,5,Mitchell Marsh,3,0,1,1
1441,5,Nitish Rana,28,0,3,0
1442,5,Philip Salt,67,0,1,1
1443,5,Priyam Garg,44,0,1,1
1444,5,Rahmanullah Gurbaz,2,0,2,1
1445,5,Rahmanullah Gurbaz,56,0,1,1
1446,5,Rahul Tripathi,29,0,4,0
1447,5,Rahul Tripathi,65,0,1,1
1448,5,Rilee Rossouw,67,0,1,1
1449,5,Rohit Sharma,5,0,5,0
1450,5,Rohit Sharma,54,0,1,1
1451,5,Ruturaj Gaikwad,49,0,1,1
1452,5,Shahbaz Ahmed,36,0,1,1
1453,5,Shardul Thakur,39,0,3,1
1454,5,Shubman Gill,7,0,1,1
1455,5,Suryakumar Yadav,22,0,1,0
1456,5,Wriddhiman Saha,39,0,1,1
1457,5,Yash Dhull,67,0,1,0
1458,6,Nitish Rana,19,28,6,0
1459,6,Jason Roy,36,24,5,0
1460,6,Devon Conway,29,22,5,0
1461,6,David Warner,28,17,7,0
1462,6,Marcus S,72,17,6,0
1463,6,Abhishek Sharma,40,16,6,0
1464,6,Cameron Green,69,16,4,0
1465,6,Cameron Green,72,15,5,0
1466,6,Heinrich Klaasen,65,15,5,0
1467,6,Rahul Tripathi,47,15,4,1
1468,6,Shubman Gill,13,15,6,0
1469,6,Shubman Gill,35,15,4,0
1470,6,Ajinkya Rahane,24,14,5,0
1471,6,Prerak Mankad,68,14,5,0
1472,6,Devon Conway,6,13,4,0
1473,6,Devon Conway,74,13,5,0
1474,6,Ishan Kishan,12,13,5,0
1475,6,Faf du Plessis,50,12,4,0
1476,6,Jos Buttler,4,12,5,1
1477,6,Kyle Mayers,38,12,7,1
1478,6,Rahmanullah Gurbaz,39,12,4,0
1479,6,Shubman Gill,73,12,6,0
1480,6,Shubman Gill,74,12,4,0
1481,6,Virat Kohli,15,12,4,0
1482,6,Atharva Taide,64,11,5,0
1483,6,David Warner,59,11,5,0
1484,6,Glenn Maxwell,32,11,5,0
1485,6,Sam Curran,14,11,4,0
1486,6,Vijay Shankar,70,11,3,0
1487,6,Devdutt Padikkal,17,10,4,0
1488,6,Devdutt Padikkal,66,10,4,0
1489,6,Glenn Maxwell,54,10,5,0
1490,6,Mitchell Marsh,50,10,5,0
1491,6,Philip Salt,40,10,5,0
1492,6,Sanju Samson,56,10,6,0
1493,6,Venkatesh Iyer,2,10,6,0
1494,6,Ajinkya Rahane,12,9,3,0
1495,6,Ajinkya Rahane,17,9,4,0
1496,6,David Warner,64,9,4,0
1497,6,Devon Conway,41,9,3,0
1498,6,Heinrich Klaasen,62,9,5,0
1499,6,Ishan Kishan,25,9,3,0
1500,6,Ishan Kishan,57,9,4,0
1501,6,Jos Buttler,37,9,4,0
1502,6,Nehal Wadhera,54,9,5,0
1503,6,Prerak Mankad,58,9,5,0
1504,6,Rohit Sharma,63,9,4,0
1505,6,Ruturaj Gaikwad,33,9,4,0
1506,6,Sanju Samson,8,9,3,0
1507,6,Shikhar Dhawan,46,9,3,0
1508,6,Shubman Gill,23,9,4,0
1509,6,Shubman Gill,48,9,6,0
1510,6,Suryakumar Yadav,49,9,5,0
1511,6,Vivrant Sharma,69,9,5,0
1512,6,Wriddhiman Saha,30,9,5,0
1513,6,Yashasvi Jaiswal,26,9,4,0
1514,6,Abhishek Sharma,29,8,4,0
1515,6,Jason Roy,53,8,3,0
1516,6,Kyle Mayers,51,8,6,0
1517,6,Manish Pandey,16,8,2,0
1518,6,Prabhsimran Singh,27,8,6,1
1519,6,Wriddhiman Saha,51,8,4,0
1520,6,Atharva Taide,31,7,4,0
1521,6,David Miller,57,7,4,0
1522,6,David Warner,67,7,2,0
1523,6,Faf du Plessis,24,7,2,0
1524,6,Glenn Maxwell,24,7,4,0
1525,6,Harry Brook,19,7,5,0
1526,6,Matthew Short,18,7,3,0
1527,6,Matthew Short,21,7,5,1
1528,6,Nicholas Pooran,43,7,3,0
1529,6,Nitish Rana,47,7,4,0
1530,6,Prabhsimran Singh,59,7,4,0
1531,6,Rinku Singh,61,7,4,0
1532,6,Rohit Sharma,16,7,2,0
1533,6,Ruturaj Gaikwad,41,7,4,0
1534,6,Ruturaj Gaikwad,55,7,5,0
1535,6,Sarfaraz Khan,34,7,5,0
1536,6,Shubman Gill,51,7,2,0
1537,6,Sikandar Raza,38,7,4,0
1538,6,Tilak Varma,5,7,3,0
1539,6,Virat Kohli,70,7,4,0
1540,6,Anmolpreet Singh,52,6,5,1
1541,6,Cameron Green,31,6,3,0
1542,6,Deepak Hooda,10,6,6,1
1543,6,Devdutt Padikkal,23,6,6,0
1544,6,Faf du Plessis,27,6,3,0
1545,6,Ishan Kishan,42,6,3,0
1546,6,KL Rahul,21,6,4,0
1547,6,Prabhsimran Singh,8,6,5,0
1548,6,Prabhsimran Singh,41,6,4,0
1549,6,Ruturaj Gaikwad,6,6,2,0
1550,6,Ruturaj Gaikwad,37,6,3,0
1551,6,Sanju Samson,52,6,5,0
1552,6,Virat Kohli,5,6,4,0
1553,6,Yashasvi Jaiswal,32,6,4,0
1554,6,Yashasvi Jaiswal,42,6,5,0
1555,6,Anmolpreet Singh,10,5,4,0
1556,6,Cameron Green,42,5,3,0
1557,6,David Warner,7,5,3,0
1558,6,Devdutt Padikkal,32,5,2,0
1559,6,Devon Conway,33,5,2,0
1560,6,Faf du Plessis,60,5,4,0
1561,6,Hardik Pandya,44,5,5,0
1562,6,Harry Brook,4,5,3,0
1563,6,KL Rahul,26,5,5,0
1564,6,KL Rahul,30,5,3,0
1565,6,Kyle Mayers,6,5,2,1
1566,6,Marcus S,15,5,4,0
1567,6,Mayank Agarwal,4,5,3,0
1568,6,Mayank Agarwal,25,5,3,0
1569,6,Nitish Rana,53,5,3,0
1570,6,Prabhsimran Singh,31,5,2,0
1571,6,Rahmanullah Gurbaz,9,5,5,0
1572,6,Rahul Tripathi,10,5,2,0
1573,6,Ruturaj Gaikwad,71,5,3,0
1574,6,Sai Sudharsan,1,5,5,0
1575,6,Sai Sudharsan,7,5,5,0
1576,6,Sai Sudharsan,62,5,3,0
1577,6,Sarfaraz Khan,7,5,3,0
1578,6,Shikhar Dhawan,2,5,4,0
1579,6,Shikhar Dhawan,53,5,3,0
1580,6,Shubman Gill,39,5,3,0
1581,6,Shubman Gill,62,5,3,0
1582,6,Shubman Gill,70,5,3,0
1583,6,Suryakumar Yadav,22,5,4,0
1584,6,Tilak Varma,73,5,3,1
1585,6,Venkatesh Iyer,13,5,5,0
1586,6,Aman Hakim Khan,44,4,5,0
1587,6,David Warner,20,4,3,1
1588,6,Devon Conway,49,4,5,0
1589,6,Devon Conway,71,4,3,0
1590,6,Faf du Plessis,65,4,4,0
1591,6,Glenn Maxwell,9,4,4,0
1592,6,Glenn Maxwell,36,4,3,1
1593,6,Jos Buttler,11,4,3,0
1594,6,Jos Buttler,26,4,2,0
1595,6,Marcus S,45,4,1,0
1596,6,Mayank Agarwal,34,4,2,0
1597,6,Moeen Ali,1,4,5,1
1598,6,Ruturaj Gaikwad,12,4,3,0
1599,6,Sarfaraz Khan,3,4,3,0
1600,6,Shubman Gill,1,4,1,0
1601,6,Virat Kohli,27,4,3,0
1602,6,Virat Kohli,43,4,5,0
1603,6,Bhanuka Rajapaksa,18,3,4,0
1604,6,Cameron Green,46,3,3,1
1605,6,Devon Conway,61,3,5,0
1606,6,Kyle Mayers,3,3,2,0
1607,6,Nitish Rana,33,3,4,0
1608,6,Rilee Rossouw,55,3,4,0
1609,6,Shubman Gill,18,3,4,0
1610,6,Suryakumar Yadav,5,3,2,0
1611,6,Virat Kohli,50,3,2,0
1612,6,Virat Kohli,60,3,3,0
1613,6,Aiden Markram,25,2,3,0
1614,6,Atharva Taide,41,2,2,0
1615,6,Cameron Green,25,2,3,0
1616,6,Cameron Green,35,2,3,0
1617,6,David Warner,11,2,3,0
1618,6,Deepak Hooda,3,2,4,0
1619,6,Faf du Plessis,5,2,2,0
1620,6,Faf du Plessis,15,2,2,0
1621,6,Faf du Plessis,70,2,2,0
1622,6,Hardik Pandya,30,2,1,0
1623,6,Hardik Pandya,35,2,2,0
1624,6,Ishan Kishan,16,2,4,0
1625,6,Ishan Kishan,22,2,2,0
1626,6,Ishan Kishan,46,2,3,0
1627,6,Ishan Kishan,63,2,3,0
1628,6,Jason Roy,28,2,2,0
1629,6,Jos Buttler,17,2,2,0
1630,6,KL Rahul,15,2,2,0
1631,6,Krunal Pandya,63,2,5,0
1632,6,Kyle Mayers,30,2,3,0
1633,6,Lalit Yadav,11,2,2,0
1634,6,Liam Livings,66,2,4,0
1635,6,Mahipal Lomror,20,2,3,0
1636,6,Mandeep Singh,28,2,3,0
1637,6,Manish Pandey,20,2,2,0
1638,6,Manish Pandey,55,2,2,0
1639,6,Mayank Agarwal,14,2,3,0
1640,6,Rahul Tripathi,14,2,3,0
1641,6,Rahul Tripathi,29,2,2,0
1642,6,Rilee Rossouw,11,2,2,1
1643,6,Rinku Singh,47,2,2,0
1644,6,Rohit Sharma,31,2,3,0
1645,6,Rohit Sharma,69,2,3,0
1646,6,Sanju Samson,48,2,4,1
1647,6,Suryakumar Yadav,73,2,3,0
1648,6,Venkatesh Iyer,33,2,3,0
1649,6,Venkatesh Iyer,39,2,2,0
1650,6,Vijay Shankar,57,2,2,0
1651,6,Virat Kohli,20,2,3,0
1652,6,Abishek Porel,20,1,1,0
1653,6,Aiden Markram,19,1,2,0
1654,6,Aiden Markram,65,1,1,0
1655,6,Ajinkya Rahane,49,1,2,0
1656,6,Ajinkya Rahane,55,1,1,0
1657,6,Ajinkya Rahane,61,1,1,0
1658,6,Anmolpreet Singh,58,1,2,0
1659,6,Atharva Taide,38,1,2,0
1660,6,Axar Patel,44,1,1,0
1661,6,Ben S,1,1,1,0
1662,6,Bhanuka Rajapaksa,2,1,2,0
1663,6,Cameron Green,12,1,1,0
1664,6,David Warner,3,1,3,0
1665,6,David Warner,16,1,4,0
1666,6,David Warner,34,1,1,0
1667,6,Deepak Hooda,6,1,3,0
1668,6,Devdutt Padikkal,48,1,2,0
1669,6,Devon Conway,17,1,2,0
1670,6,Devon Conway,24,1,1,0
1671,6,Devon Conway,37,1,3,1
1672,6,Devon Conway,67,1,1,0
1673,6,Faf du Plessis,32,1,1,0
1674,6,Faf du Plessis,43,1,1,0
1675,6,Faf du Plessis,54,1,1,0
1676,6,Hardik Pandya,23,1,2,0
1677,6,Hardik Pandya,71,1,3,1
1678,6,Harpreet Singh,21,1,1,0
1679,6,Harpreet Singh,27,1,1,0
1680,6,Ishan Kishan,35,1,3,0
1681,6,Jason Roy,68,1,2,0
1682,6,Jitesh Sharma,53,1,1,0
1683,6,Joe Root,60,1,2,1
1684,6,Jos Buttler,42,1,1,0
1685,6,Jos Buttler,52,1,1,0
1686,6,KL Rahul,6,1,1,0
1687,6,Karan Sharma,45,1,1,0
1688,6,Krunal Pandya,72,1,1,0
1689,6,Kyle Mayers,21,1,2,0
1690,6,Kyle Mayers,26,1,1,0
1691,6,Liam Livings,53,1,2,1
1692,6,Manan Vohra,45,1,3,1
1693,6,Matthew Short,46,1,3,0
1694,6,Mayank Agarwal,69,1,1,0
1695,6,Michael Bracewell,9,1,1,0
1696,6,Mitchell Marsh,40,1,1,0
1697,6,Narayan Jagadeesan,36,1,1,0
1698,6,Nehal Wadhera,49,1,1,0
1699,6,Nitish Rana,2,1,1,0
1700,6,Nitish Rana,9,1,1,0
1701,6,Nitish Rana,13,1,1,0
1702,6,Nitish Rana,56,1,1,0
1703,6,Nitish Rana,61,1,2,0
1704,6,Philip Salt,59,1,1,0
1705,6,Prithvi Shaw,64,1,2,0
1706,6,Quin,58,1,1,0
1707,6,Quin,63,1,1,0
1708,6,Quin,68,1,1,0
1709,6,Rahmanullah Gurbaz,22,1,2,1
1710,6,Rahul Tripathi,34,1,3,0
1711,6,Rahul Tripathi,52,1,1,0
1712,6,Rohit Sharma,57,1,2,0
1713,6,Ruturaj Gaikwad,29,1,1,0
1714,6,Ruturaj Gaikwad,67,1,5,0
1715,6,Ruturaj Gaikwad,74,1,1,0
1716,6,Sai Sudharsan,13,1,1,0
1717,6,Sai Sudharsan,18,1,2,0
1718,6,Sam Curran,59,1,1,0
1719,6,Sam Curran,66,1,1,0
1720,6,Sanvir Singh,62,1,1,0
1721,6,Shikhar Dhawan,8,1,1,0
1722,6,Shimron Hetmyer,60,1,1,0
1723,6,Shubman Gill,71,1,2,0
1724,6,Suryakumar Yadav,54,1,2,0
1725,6,Suryakumar Yadav,72,1,1,0
1726,6,Venkatesh Iyer,22,1,1,0
1727,6,Venkatesh Iyer,56,1,5,0
1728,6,Venkatesh Iyer,68,1,3,1
1729,6,Virat Kohli,36,1,2,0
1730,6,Virat Kohli,65,1,2,0
1731,6,Wriddhiman Saha,48,1,1,0
1732,6,Wriddhiman Saha,74,1,2,0
1733,6,Yash Dhull,67,1,4,0
1734,6,Yashasvi Jaiswal,11,1,3,0
1735,6,Yashasvi Jaiswal,37,1,2,0
1736,6,Yashasvi Jaiswal,66,1,2,0
1737,6,Aiden Markram,58,0,2,0
1738,6,Dasun Shanaka,71,0,1,0
1739,6,David Miller,44,0,1,0
1740,6,David Warner,50,0,1,1
1741,6,Deepak Hooda,43,0,1,1
1742,6,Devdutt Padikkal,8,0,2,0
1743,6,Dhruv Jurel,60,0,3,0
1744,6,Faf du Plessis,9,0,1,1
1745,6,Hardik Pandya,7,0,1,1
1746,6,Hardik Pandya,39,0,3,0
1747,6,Harry Brook,34,0,1,1
1748,6,Harry Brook,47,0,3,0
1749,6,Jitesh Sharma,59,0,1,1
1750,6,Jos Buttler,8,0,1,1
1751,6,Krunal Pandya,45,0,1,1
1752,6,Mahipal Lomror,36,0,1,0
1753,6,Marcus S,38,0,1,0
1754,6,Marcus S,43,0,2,0
1755,6,Nitish Rana,22,0,3,0
1756,6,Nitish Rana,28,0,1,1
1757,6,Nitish Rana,68,0,1,0
1758,6,Prabhsimran Singh,64,0,1,0
1759,6,Rahul Tripathi,58,0,2,1
1760,6,Rohit Sharma,5,0,1,1
1761,6,Sanju Samson,4,0,1,0
1762,6,Shikhar Dhawan,14,0,2,0
1763,6,Shikhar Dhawan,66,0,1,1
1764,6,Wriddhiman Saha,73,0,1,0
